HITId,HITTypeId,Title,Description,Keywords,Reward,CreationTime,MaxAssignments,RequesterAnnotation,AssignmentDurationInSeconds,AutoApprovalDelayInSeconds,Expiration,NumberOfSimilarHITs,LifetimeInSeconds,AssignmentId,WorkerId,AssignmentStatus,AcceptTime,SubmitTime,AutoApprovalTime,ApprovalTime,RejectionTime,RequesterFeedback,WorkTimeInSeconds,LifetimeApprovalRate,Last30DaysApprovalRate,Last7DaysApprovalRate,Answer.surveycode,Approve,Reject
3VMHWJRYHVGUT50QGZJ06PX42QEFXY,3U6C37VJ6U4IHO0X1NNM41V2S3Y1ND,Multiple Choice Task,This is a 50-question multiple-choice task.,"survey, multiple-choice",$0.40,Sat Nov 18 02:32:39 PST 2017,100,BatchId:3015532;OriginalHitTemplateId:920937340;,1200,259200,Mon Nov 20 02:32:39 PST 2017,,,31LVTDXBL7AYILL4JEL714CNKL9RL8,A2WHOBB33ZW601,Submitted,Sat Nov 18 03:31:15 PST 2017,Sat Nov 18 03:49:06 PST 2017,Tue Nov 21 03:49:06 PST 2017,,,,1071,0% (0/0),0% (0/0),0% (0/0),365119269,,
3VMHWJRYHVGUT50QGZJ06PX42QEFXY,3U6C37VJ6U4IHO0X1NNM41V2S3Y1ND,Multiple Choice Task,This is a 50-question multiple-choice task.,"survey, multiple-choice",$0.40,Sat Nov 18 02:32:39 PST 2017,100,BatchId:3015532;OriginalHitTemplateId:920937340;,1200,259200,Mon Nov 20 02:32:39 PST 2017,,,31N2WW6R9RQKZRQ6MDHDOT4NHB73FB,AGK30V341UN88,Submitted,Sat Nov 18 02:44:24 PST 2017,Sat Nov 18 02:58:59 PST 2017,Tue Nov 21 02:58:59 PST 2017,,,,875,0% (0/0),0% (0/0),0% (0/0),750386154,,
3VMHWJRYHVGUT50QGZJ06PX42QEFXY,3U6C37VJ6U4IHO0X1NNM41V2S3Y1ND,Multiple Choice Task,This is a 50-question multiple-choice task.,"survey, multiple-choice",$0.40,Sat Nov 18 02:32:39 PST 2017,100,BatchId:3015532;OriginalHitTemplateId:920937340;,1200,259200,Mon Nov 20 02:32:39 PST 2017,,,31UV0MXWNQC7NXF014BR6NFZBZR5IV,A7UB1GBM95J3D,Submitted,Sat Nov 18 04:19:57 PST 2017,Sat Nov 18 04:30:17 PST 2017,Tue Nov 21 04:30:17 PST 2017,,,,620,0% (0/0),0% (0/0),0% (0/0),983010587,,
3VMHWJRYHVGUT50QGZJ06PX42QEFXY,3U6C37VJ6U4IHO0X1NNM41V2S3Y1ND,Multiple Choice Task,This is a 50-question multiple-choice task.,"survey, multiple-choice",$0.40,Sat Nov 18 02:32:39 PST 2017,100,BatchId:3015532;OriginalHitTemplateId:920937340;,1200,259200,Mon Nov 20 02:32:39 PST 2017,,,32AT8R96GL9D2Q8B7HDDI1D2JELUST,AYJMZHE6ZIHE4,Submitted,Sat Nov 18 04:02:01 PST 2017,Sat Nov 18 04:07:26 PST 2017,Tue Nov 21 04:07:26 PST 2017,,,,325,0% (0/0),0% (0/0),0% (0/0),699709717,,
3VMHWJRYHVGUT50QGZJ06PX42QEFXY,3U6C37VJ6U4IHO0X1NNM41V2S3Y1ND,Multiple Choice Task,This is a 50-question multiple-choice task.,"survey, multiple-choice",$0.40,Sat Nov 18 02:32:39 PST 2017,100,BatchId:3015532;OriginalHitTemplateId:920937340;,1200,259200,Mon Nov 20 02:32:39 PST 2017,,,32EYX73OY0911B8YSSD8SR86XC2RU2,A31AO0YBCXDVHV,Submitted,Sat Nov 18 03:42:26 PST 2017,Sat Nov 18 03:45:59 PST 2017,Tue Nov 21 03:45:59 PST 2017,,,,213,0% (0/0),0% (0/0),0% (0/0),220335468,,
3VMHWJRYHVGUT50QGZJ06PX42QEFXY,3U6C37VJ6U4IHO0X1NNM41V2S3Y1ND,Multiple Choice Task,This is a 50-question multiple-choice task.,"survey, multiple-choice",$0.40,Sat Nov 18 02:32:39 PST 2017,100,BatchId:3015532;OriginalHitTemplateId:920937340;,1200,259200,Mon Nov 20 02:32:39 PST 2017,,,32RIADZISS4ELSEWSBMV5XF8K1X4SG,A1AYVATMT88U1W,Submitted,Sat Nov 18 02:38:09 PST 2017,Sat Nov 18 02:49:37 PST 2017,Tue Nov 21 02:49:37 PST 2017,,,,688,0% (0/0),0% (0/0),0% (0/0),38027204,,
3VMHWJRYHVGUT50QGZJ06PX42QEFXY,3U6C37VJ6U4IHO0X1NNM41V2S3Y1ND,Multiple Choice Task,This is a 50-question multiple-choice task.,"survey, multiple-choice",$0.40,Sat Nov 18 02:32:39 PST 2017,100,BatchId:3015532;OriginalHitTemplateId:920937340;,1200,259200,Mon Nov 20 02:32:39 PST 2017,,,32RIADZISS4ELSEWSBMV5XF8K1Y4SH,ASTWEY4TK6TFM,Submitted,Sat Nov 18 03:53:36 PST 2017,Sat Nov 18 04:01:38 PST 2017,Tue Nov 21 04:01:38 PST 2017,,,,482,0% (0/0),0% (0/0),0% (0/0),467415967,,
3VMHWJRYHVGUT50QGZJ06PX42QEFXY,3U6C37VJ6U4IHO0X1NNM41V2S3Y1ND,Multiple Choice Task,This is a 50-question multiple-choice task.,"survey, multiple-choice",$0.40,Sat Nov 18 02:32:39 PST 2017,100,BatchId:3015532;OriginalHitTemplateId:920937340;,1200,259200,Mon Nov 20 02:32:39 PST 2017,,,32UTUBMZ7GWEYJG91L1NOY5LTX8VBI,AFNERWJK1G1GH,Submitted,Sat Nov 18 04:18:57 PST 2017,Sat Nov 18 04:23:16 PST 2017,Tue Nov 21 04:23:16 PST 2017,,,,259,0% (0/0),0% (0/0),0% (0/0),495815888,,
3VMHWJRYHVGUT50QGZJ06PX42QEFXY,3U6C37VJ6U4IHO0X1NNM41V2S3Y1ND,Multiple Choice Task,This is a 50-question multiple-choice task.,"survey, multiple-choice",$0.40,Sat Nov 18 02:32:39 PST 2017,100,BatchId:3015532;OriginalHitTemplateId:920937340;,1200,259200,Mon Nov 20 02:32:39 PST 2017,,,33C7UALJVLYFA924RVXOQ884WNH818,A3EU2ZIKRJTLQD,Submitted,Sat Nov 18 04:18:53 PST 2017,Sat Nov 18 04:33:39 PST 2017,Tue Nov 21 04:33:39 PST 2017,,,,886,0% (0/0),0% (0/0),0% (0/0),337576968,,
3VMHWJRYHVGUT50QGZJ06PX42QEFXY,3U6C37VJ6U4IHO0X1NNM41V2S3Y1ND,Multiple Choice Task,This is a 50-question multiple-choice task.,"survey, multiple-choice",$0.40,Sat Nov 18 02:32:39 PST 2017,100,BatchId:3015532;OriginalHitTemplateId:920937340;,1200,259200,Mon Nov 20 02:32:39 PST 2017,,,33OOO72IVHLIVW4QAQX3Y0NIEXSCTQ,ASLY4WV7FCUDE,Submitted,Sat Nov 18 02:39:33 PST 2017,Sat Nov 18 02:48:26 PST 2017,Tue Nov 21 02:48:26 PST 2017,,,,533,0% (0/0),0% (0/0),0% (0/0),886067973,,
3VMHWJRYHVGUT50QGZJ06PX42QEFXY,3U6C37VJ6U4IHO0X1NNM41V2S3Y1ND,Multiple Choice Task,This is a 50-question multiple-choice task.,"survey, multiple-choice",$0.40,Sat Nov 18 02:32:39 PST 2017,100,BatchId:3015532;OriginalHitTemplateId:920937340;,1200,259200,Mon Nov 20 02:32:39 PST 2017,,,34Z02EIMISDY149AYA4J3ZLH58V0TL,ACIZS6S5OQKQ6,Submitted,Sat Nov 18 02:40:36 PST 2017,Sat Nov 18 02:46:46 PST 2017,Tue Nov 21 02:46:46 PST 2017,,,,370,0% (0/0),0% (0/0),0% (0/0),536424598,,
3VMHWJRYHVGUT50QGZJ06PX42QEFXY,3U6C37VJ6U4IHO0X1NNM41V2S3Y1ND,Multiple Choice Task,This is a 50-question multiple-choice task.,"survey, multiple-choice",$0.40,Sat Nov 18 02:32:39 PST 2017,100,BatchId:3015532;OriginalHitTemplateId:920937340;,1200,259200,Mon Nov 20 02:32:39 PST 2017,,,3570Y55XZPJRTUJPMIGLW80CRR2GYT,A3P03BW6H6WGMH,Submitted,Sat Nov 18 02:54:32 PST 2017,Sat Nov 18 03:01:20 PST 2017,Tue Nov 21 03:01:20 PST 2017,,,,408,0% (0/0),0% (0/0),0% (0/0),564464102,,
3VMHWJRYHVGUT50QGZJ06PX42QEFXY,3U6C37VJ6U4IHO0X1NNM41V2S3Y1ND,Multiple Choice Task,This is a 50-question multiple-choice task.,"survey, multiple-choice",$0.40,Sat Nov 18 02:32:39 PST 2017,100,BatchId:3015532;OriginalHitTemplateId:920937340;,1200,259200,Mon Nov 20 02:32:39 PST 2017,,,358UUM7WRZ3Z30W2FKKXIZUMP147RF,A3C8SBXXN9CYM0,Submitted,Sat Nov 18 02:42:23 PST 2017,Sat Nov 18 02:45:57 PST 2017,Tue Nov 21 02:45:57 PST 2017,,,,214,0% (0/0),0% (0/0),0% (0/0),184000559,,
3VMHWJRYHVGUT50QGZJ06PX42QEFXY,3U6C37VJ6U4IHO0X1NNM41V2S3Y1ND,Multiple Choice Task,This is a 50-question multiple-choice task.,"survey, multiple-choice",$0.40,Sat Nov 18 02:32:39 PST 2017,100,BatchId:3015532;OriginalHitTemplateId:920937340;,1200,259200,Mon Nov 20 02:32:39 PST 2017,,,37M28K1J0QD0OEBNEIN8QZALGSHAJI,A3CRALS33KVALH,Submitted,Sat Nov 18 04:21:22 PST 2017,Sat Nov 18 04:28:27 PST 2017,Tue Nov 21 04:28:27 PST 2017,,,,425,0% (0/0),0% (0/0),0% (0/0),402252447,,
3VMHWJRYHVGUT50QGZJ06PX42QEFXY,3U6C37VJ6U4IHO0X1NNM41V2S3Y1ND,Multiple Choice Task,This is a 50-question multiple-choice task.,"survey, multiple-choice",$0.40,Sat Nov 18 02:32:39 PST 2017,100,BatchId:3015532;OriginalHitTemplateId:920937340;,1200,259200,Mon Nov 20 02:32:39 PST 2017,,,37UEWGM5HT8LSEH0Q43OHP39MF51RD,A3QN9B9ZS1CWWM,Submitted,Sat Nov 18 03:40:49 PST 2017,Sat Nov 18 03:47:03 PST 2017,Tue Nov 21 03:47:03 PST 2017,,,,374,0% (0/0),0% (0/0),0% (0/0),160367088,,
3VMHWJRYHVGUT50QGZJ06PX42QEFXY,3U6C37VJ6U4IHO0X1NNM41V2S3Y1ND,Multiple Choice Task,This is a 50-question multiple-choice task.,"survey, multiple-choice",$0.40,Sat Nov 18 02:32:39 PST 2017,100,BatchId:3015532;OriginalHitTemplateId:920937340;,1200,259200,Mon Nov 20 02:32:39 PST 2017,,,38F5OAUN5NCME6IZJF834VSG2S67HI,A1F87RE7NW5GSP,Submitted,Sat Nov 18 02:35:53 PST 2017,Sat Nov 18 02:37:25 PST 2017,Tue Nov 21 02:37:25 PST 2017,,,,92,0% (0/0),0% (0/0),0% (0/0),446563807,,
3VMHWJRYHVGUT50QGZJ06PX42QEFXY,3U6C37VJ6U4IHO0X1NNM41V2S3Y1ND,Multiple Choice Task,This is a 50-question multiple-choice task.,"survey, multiple-choice",$0.40,Sat Nov 18 02:32:39 PST 2017,100,BatchId:3015532;OriginalHitTemplateId:920937340;,1200,259200,Mon Nov 20 02:32:39 PST 2017,,,39L1G8WVWQRT9CWYFE2SZR0TG1O138,ABQQXY1B5B840,Submitted,Sat Nov 18 02:42:08 PST 2017,Sat Nov 18 02:51:11 PST 2017,Tue Nov 21 02:51:11 PST 2017,,,,543,0% (0/0),0% (0/0),0% (0/0),436650963,,
3VMHWJRYHVGUT50QGZJ06PX42QEFXY,3U6C37VJ6U4IHO0X1NNM41V2S3Y1ND,Multiple Choice Task,This is a 50-question multiple-choice task.,"survey, multiple-choice",$0.40,Sat Nov 18 02:32:39 PST 2017,100,BatchId:3015532;OriginalHitTemplateId:920937340;,1200,259200,Mon Nov 20 02:32:39 PST 2017,,,39LOEL67OS5BKCGJEZB7E1N1U7V830,A3ELD23VP27XJ6,Submitted,Sat Nov 18 04:20:18 PST 2017,Sat Nov 18 04:27:59 PST 2017,Tue Nov 21 04:27:59 PST 2017,,,,461,0% (0/0),0% (0/0),0% (0/0),403561412,,
3VMHWJRYHVGUT50QGZJ06PX42QEFXY,3U6C37VJ6U4IHO0X1NNM41V2S3Y1ND,Multiple Choice Task,This is a 50-question multiple-choice task.,"survey, multiple-choice",$0.40,Sat Nov 18 02:32:39 PST 2017,100,BatchId:3015532;OriginalHitTemplateId:920937340;,1200,259200,Mon Nov 20 02:32:39 PST 2017,,,39N5ACM9HENI564GHPESR0LDJ94P9H,A14CTMPO8UBWM6,Submitted,Sat Nov 18 03:14:46 PST 2017,Sat Nov 18 03:20:52 PST 2017,Tue Nov 21 03:20:52 PST 2017,,,,366,0% (0/0),0% (0/0),0% (0/0),52409323,,
3VMHWJRYHVGUT50QGZJ06PX42QEFXY,3U6C37VJ6U4IHO0X1NNM41V2S3Y1ND,Multiple Choice Task,This is a 50-question multiple-choice task.,"survey, multiple-choice",$0.40,Sat Nov 18 02:32:39 PST 2017,100,BatchId:3015532;OriginalHitTemplateId:920937340;,1200,259200,Mon Nov 20 02:32:39 PST 2017,,,39ZSFO5CA8WK3NPLKN4ZQ0MFNV8UJD,A3E7KJEEQL03QX,Submitted,Sat Nov 18 03:54:52 PST 2017,Sat Nov 18 04:04:41 PST 2017,Tue Nov 21 04:04:41 PST 2017,,,,589,0% (0/0),0% (0/0),0% (0/0),6201961,,
3VMHWJRYHVGUT50QGZJ06PX42QEFXY,3U6C37VJ6U4IHO0X1NNM41V2S3Y1ND,Multiple Choice Task,This is a 50-question multiple-choice task.,"survey, multiple-choice",$0.40,Sat Nov 18 02:32:39 PST 2017,100,BatchId:3015532;OriginalHitTemplateId:920937340;,1200,259200,Mon Nov 20 02:32:39 PST 2017,,,3BGYGHDBBXKBDFIBUIO1L0562T322G,A36ABFLSNFESVJ,Submitted,Sat Nov 18 03:51:38 PST 2017,Sat Nov 18 04:02:16 PST 2017,Tue Nov 21 04:02:16 PST 2017,,,,638,0% (0/0),0% (0/0),0% (0/0),550525893,,
3VMHWJRYHVGUT50QGZJ06PX42QEFXY,3U6C37VJ6U4IHO0X1NNM41V2S3Y1ND,Multiple Choice Task,This is a 50-question multiple-choice task.,"survey, multiple-choice",$0.40,Sat Nov 18 02:32:39 PST 2017,100,BatchId:3015532;OriginalHitTemplateId:920937340;,1200,259200,Mon Nov 20 02:32:39 PST 2017,,,3BV8HQ2ZZW1O0JWGUZTJHV5GUMW6A7,AFX6NH3WY4A17,Submitted,Sat Nov 18 02:54:24 PST 2017,Sat Nov 18 03:05:37 PST 2017,Tue Nov 21 03:05:37 PST 2017,,,,673,0% (0/0),0% (0/0),0% (0/0),470621513,,
3VMHWJRYHVGUT50QGZJ06PX42QEFXY,3U6C37VJ6U4IHO0X1NNM41V2S3Y1ND,Multiple Choice Task,This is a 50-question multiple-choice task.,"survey, multiple-choice",$0.40,Sat Nov 18 02:32:39 PST 2017,100,BatchId:3015532;OriginalHitTemplateId:920937340;,1200,259200,Mon Nov 20 02:32:39 PST 2017,,,3CFJTT4SXTQMA1TJPXQO47TV25L7IB,A2NVXYZX2IEYVJ,Submitted,Sat Nov 18 02:36:19 PST 2017,Sat Nov 18 02:38:41 PST 2017,Tue Nov 21 02:38:41 PST 2017,,,,142,0% (0/0),0% (0/0),0% (0/0),914728389,,
3VMHWJRYHVGUT50QGZJ06PX42QEFXY,3U6C37VJ6U4IHO0X1NNM41V2S3Y1ND,Multiple Choice Task,This is a 50-question multiple-choice task.,"survey, multiple-choice",$0.40,Sat Nov 18 02:32:39 PST 2017,100,BatchId:3015532;OriginalHitTemplateId:920937340;,1200,259200,Mon Nov 20 02:32:39 PST 2017,,,3CFJTT4SXTQMA1TJPXQO47TV25LI7M,A2YB18JHC2C7GF,Submitted,Sat Nov 18 02:39:35 PST 2017,Sat Nov 18 02:49:40 PST 2017,Tue Nov 21 02:49:40 PST 2017,,,,605,0% (0/0),0% (0/0),0% (0/0),464112064,,
3VMHWJRYHVGUT50QGZJ06PX42QEFXY,3U6C37VJ6U4IHO0X1NNM41V2S3Y1ND,Multiple Choice Task,This is a 50-question multiple-choice task.,"survey, multiple-choice",$0.40,Sat Nov 18 02:32:39 PST 2017,100,BatchId:3015532;OriginalHitTemplateId:920937340;,1200,259200,Mon Nov 20 02:32:39 PST 2017,,,3CN4LGXD5XOBHEQ5RHEKNJ391MSY4N,A3SOLBCXCRFQ49,Submitted,Sat Nov 18 02:36:44 PST 2017,Sat Nov 18 02:45:03 PST 2017,Tue Nov 21 02:45:03 PST 2017,,,,499,0% (0/0),0% (0/0),0% (0/0),55576320,,
3VMHWJRYHVGUT50QGZJ06PX42QEFXY,3U6C37VJ6U4IHO0X1NNM41V2S3Y1ND,Multiple Choice Task,This is a 50-question multiple-choice task.,"survey, multiple-choice",$0.40,Sat Nov 18 02:32:39 PST 2017,100,BatchId:3015532;OriginalHitTemplateId:920937340;,1200,259200,Mon Nov 20 02:32:39 PST 2017,,,3DL65MZB8DFG6DMTKV88ZENHBN5EC2,AF1HT6VL272QZ,Submitted,Sat Nov 18 02:48:30 PST 2017,Sat Nov 18 02:51:00 PST 2017,Tue Nov 21 02:51:00 PST 2017,,,,150,0% (0/0),0% (0/0),0% (0/0),852404670,,
3VMHWJRYHVGUT50QGZJ06PX42QEFXY,3U6C37VJ6U4IHO0X1NNM41V2S3Y1ND,Multiple Choice Task,This is a 50-question multiple-choice task.,"survey, multiple-choice",$0.40,Sat Nov 18 02:32:39 PST 2017,100,BatchId:3015532;OriginalHitTemplateId:920937340;,1200,259200,Mon Nov 20 02:32:39 PST 2017,,,3DR23U6WE5EXSUO46H3YOONLZ95TE0,A19247CJ07E317,Submitted,Sat Nov 18 03:06:48 PST 2017,Sat Nov 18 03:19:51 PST 2017,Tue Nov 21 03:19:51 PST 2017,,,,783,0% (0/0),0% (0/0),0% (0/0),671072742,,
3VMHWJRYHVGUT50QGZJ06PX42QEFXY,3U6C37VJ6U4IHO0X1NNM41V2S3Y1ND,Multiple Choice Task,This is a 50-question multiple-choice task.,"survey, multiple-choice",$0.40,Sat Nov 18 02:32:39 PST 2017,100,BatchId:3015532;OriginalHitTemplateId:920937340;,1200,259200,Mon Nov 20 02:32:39 PST 2017,,,3EF8EXOTT1V4UQYNIZUFFYHICYAJ12,A1OFOVU6TCQ2K3,Submitted,Sat Nov 18 02:45:12 PST 2017,Sat Nov 18 02:49:41 PST 2017,Tue Nov 21 02:49:41 PST 2017,,,,269,0% (0/0),0% (0/0),0% (0/0),165570390,,
3VMHWJRYHVGUT50QGZJ06PX42QEFXY,3U6C37VJ6U4IHO0X1NNM41V2S3Y1ND,Multiple Choice Task,This is a 50-question multiple-choice task.,"survey, multiple-choice",$0.40,Sat Nov 18 02:32:39 PST 2017,100,BatchId:3015532;OriginalHitTemplateId:920937340;,1200,259200,Mon Nov 20 02:32:39 PST 2017,,,3EFE17QCRC58X42R7I6EZMOCP6JHSF,A367GMQ1MK9N0B,Submitted,Sat Nov 18 03:30:38 PST 2017,Sat Nov 18 03:36:58 PST 2017,Tue Nov 21 03:36:58 PST 2017,,,,380,0% (0/0),0% (0/0),0% (0/0),657345865,,
3VMHWJRYHVGUT50QGZJ06PX42QEFXY,3U6C37VJ6U4IHO0X1NNM41V2S3Y1ND,Multiple Choice Task,This is a 50-question multiple-choice task.,"survey, multiple-choice",$0.40,Sat Nov 18 02:32:39 PST 2017,100,BatchId:3015532;OriginalHitTemplateId:920937340;,1200,259200,Mon Nov 20 02:32:39 PST 2017,,,3EQHHY4HQSSTR695BGBOLB2JWMZ5G3,A2VE5IV9OD2SK1,Submitted,Sat Nov 18 04:19:03 PST 2017,Sat Nov 18 04:37:27 PST 2017,Tue Nov 21 04:37:27 PST 2017,,,,1104,0% (0/0),0% (0/0),0% (0/0),322656373,,
3VMHWJRYHVGUT50QGZJ06PX42QEFXY,3U6C37VJ6U4IHO0X1NNM41V2S3Y1ND,Multiple Choice Task,This is a 50-question multiple-choice task.,"survey, multiple-choice",$0.40,Sat Nov 18 02:32:39 PST 2017,100,BatchId:3015532;OriginalHitTemplateId:920937340;,1200,259200,Mon Nov 20 02:32:39 PST 2017,,,3ERET4BTVM9HUF704X9KVJZEPZY9K0,A2XWRLHIG82COE,Submitted,Sat Nov 18 03:16:39 PST 2017,Sat Nov 18 03:22:38 PST 2017,Tue Nov 21 03:22:38 PST 2017,,,,359,0% (0/0),0% (0/0),0% (0/0),238290287,,
3VMHWJRYHVGUT50QGZJ06PX42QEFXY,3U6C37VJ6U4IHO0X1NNM41V2S3Y1ND,Multiple Choice Task,This is a 50-question multiple-choice task.,"survey, multiple-choice",$0.40,Sat Nov 18 02:32:39 PST 2017,100,BatchId:3015532;OriginalHitTemplateId:920937340;,1200,259200,Mon Nov 20 02:32:39 PST 2017,,,3F0BG9B9MPN8018OTFCRQVNJSOIY77,A278FRS4GXABQU,Submitted,Sat Nov 18 02:39:57 PST 2017,Sat Nov 18 02:43:16 PST 2017,Tue Nov 21 02:43:16 PST 2017,,,,199,0% (0/0),0% (0/0),0% (0/0),812188921,,
3VMHWJRYHVGUT50QGZJ06PX42QEFXY,3U6C37VJ6U4IHO0X1NNM41V2S3Y1ND,Multiple Choice Task,This is a 50-question multiple-choice task.,"survey, multiple-choice",$0.40,Sat Nov 18 02:32:39 PST 2017,100,BatchId:3015532;OriginalHitTemplateId:920937340;,1200,259200,Mon Nov 20 02:32:39 PST 2017,,,3F6KKYWMNB1U5B5KDQ6297Z8AFIND0,AEZSDZ4PS9CAC,Submitted,Sat Nov 18 04:08:05 PST 2017,Sat Nov 18 04:12:31 PST 2017,Tue Nov 21 04:12:31 PST 2017,,,,266,0% (0/0),0% (0/0),0% (0/0),866509479,,
3VMHWJRYHVGUT50QGZJ06PX42QEFXY,3U6C37VJ6U4IHO0X1NNM41V2S3Y1ND,Multiple Choice Task,This is a 50-question multiple-choice task.,"survey, multiple-choice",$0.40,Sat Nov 18 02:32:39 PST 2017,100,BatchId:3015532;OriginalHitTemplateId:920937340;,1200,259200,Mon Nov 20 02:32:39 PST 2017,,,3FFJ6VRIL1O8SQTZ4Y5FPSJ8URF0I4,A1WKF2VH7TV0H2,Submitted,Sat Nov 18 02:32:56 PST 2017,Sat Nov 18 02:36:15 PST 2017,Tue Nov 21 02:36:15 PST 2017,,,,199,0% (0/0),0% (0/0),0% (0/0),109465511,,
3VMHWJRYHVGUT50QGZJ06PX42QEFXY,3U6C37VJ6U4IHO0X1NNM41V2S3Y1ND,Multiple Choice Task,This is a 50-question multiple-choice task.,"survey, multiple-choice",$0.40,Sat Nov 18 02:32:39 PST 2017,100,BatchId:3015532;OriginalHitTemplateId:920937340;,1200,259200,Mon Nov 20 02:32:39 PST 2017,,,3G5F9DBFOPXOPWJV1DBJA98JOADHVK,AEZL2AE6EU4FG,Submitted,Sat Nov 18 03:33:14 PST 2017,Sat Nov 18 03:37:27 PST 2017,Tue Nov 21 03:37:27 PST 2017,,,,253,0% (0/0),0% (0/0),0% (0/0),487186236,,
3VMHWJRYHVGUT50QGZJ06PX42QEFXY,3U6C37VJ6U4IHO0X1NNM41V2S3Y1ND,Multiple Choice Task,This is a 50-question multiple-choice task.,"survey, multiple-choice",$0.40,Sat Nov 18 02:32:39 PST 2017,100,BatchId:3015532;OriginalHitTemplateId:920937340;,1200,259200,Mon Nov 20 02:32:39 PST 2017,,,3GA6AFUKOOO4DNHCH35DREG0XQL3HA,A1DS5O8MSI3ZH0,Submitted,Sat Nov 18 04:41:32 PST 2017,Sat Nov 18 04:51:05 PST 2017,Tue Nov 21 04:51:05 PST 2017,,,,573,0% (0/0),0% (0/0),0% (0/0),438100142,,
3VMHWJRYHVGUT50QGZJ06PX42QEFXY,3U6C37VJ6U4IHO0X1NNM41V2S3Y1ND,Multiple Choice Task,This is a 50-question multiple-choice task.,"survey, multiple-choice",$0.40,Sat Nov 18 02:32:39 PST 2017,100,BatchId:3015532;OriginalHitTemplateId:920937340;,1200,259200,Mon Nov 20 02:32:39 PST 2017,,,3GM6G9ZBKNXV4IGHNFRH1WSU8BWTMP,A317RA15E0SZ4P,Submitted,Sat Nov 18 03:10:11 PST 2017,Sat Nov 18 03:21:24 PST 2017,Tue Nov 21 03:21:24 PST 2017,,,,673,0% (0/0),0% (0/0),0% (0/0),527322452,,
3VMHWJRYHVGUT50QGZJ06PX42QEFXY,3U6C37VJ6U4IHO0X1NNM41V2S3Y1ND,Multiple Choice Task,This is a 50-question multiple-choice task.,"survey, multiple-choice",$0.40,Sat Nov 18 02:32:39 PST 2017,100,BatchId:3015532;OriginalHitTemplateId:920937340;,1200,259200,Mon Nov 20 02:32:39 PST 2017,,,3GNCZX450INWAPEL9VSSNVWXPRMAPH,A1YGSIQI52QT9L,Submitted,Sat Nov 18 02:36:22 PST 2017,Sat Nov 18 02:40:03 PST 2017,Tue Nov 21 02:40:03 PST 2017,,,,221,0% (0/0),0% (0/0),0% (0/0),721720427,,
3VMHWJRYHVGUT50QGZJ06PX42QEFXY,3U6C37VJ6U4IHO0X1NNM41V2S3Y1ND,Multiple Choice Task,This is a 50-question multiple-choice task.,"survey, multiple-choice",$0.40,Sat Nov 18 02:32:39 PST 2017,100,BatchId:3015532;OriginalHitTemplateId:920937340;,1200,259200,Mon Nov 20 02:32:39 PST 2017,,,3H0W84IWBK2KCFBC2SY3O9M3BO8REL,A21LB023L14XC1,Submitted,Sat Nov 18 03:22:42 PST 2017,Sat Nov 18 03:30:42 PST 2017,Tue Nov 21 03:30:42 PST 2017,,,,480,0% (0/0),0% (0/0),0% (0/0),981299479,,
3VMHWJRYHVGUT50QGZJ06PX42QEFXY,3U6C37VJ6U4IHO0X1NNM41V2S3Y1ND,Multiple Choice Task,This is a 50-question multiple-choice task.,"survey, multiple-choice",$0.40,Sat Nov 18 02:32:39 PST 2017,100,BatchId:3015532;OriginalHitTemplateId:920937340;,1200,259200,Mon Nov 20 02:32:39 PST 2017,,,3HMIGG0U4L6C0FD73K4X4VJE38OY8U,A3UE49REX108ZE,Submitted,Sat Nov 18 02:39:56 PST 2017,Sat Nov 18 02:48:58 PST 2017,Tue Nov 21 02:48:58 PST 2017,,,,542,0% (0/0),0% (0/0),0% (0/0),368139859,,
3VMHWJRYHVGUT50QGZJ06PX42QEFXY,3U6C37VJ6U4IHO0X1NNM41V2S3Y1ND,Multiple Choice Task,This is a 50-question multiple-choice task.,"survey, multiple-choice",$0.40,Sat Nov 18 02:32:39 PST 2017,100,BatchId:3015532;OriginalHitTemplateId:920937340;,1200,259200,Mon Nov 20 02:32:39 PST 2017,,,3I02618YA06GPYSJF09JNW8RWUEPU8,A31II500URVVD3,Submitted,Sat Nov 18 03:38:40 PST 2017,Sat Nov 18 03:43:17 PST 2017,Tue Nov 21 03:43:17 PST 2017,,,,277,0% (0/0),0% (0/0),0% (0/0),971575543,,
3VMHWJRYHVGUT50QGZJ06PX42QEFXY,3U6C37VJ6U4IHO0X1NNM41V2S3Y1ND,Multiple Choice Task,This is a 50-question multiple-choice task.,"survey, multiple-choice",$0.40,Sat Nov 18 02:32:39 PST 2017,100,BatchId:3015532;OriginalHitTemplateId:920937340;,1200,259200,Mon Nov 20 02:32:39 PST 2017,,,3I33IC7ZWF20IIDF7XHGRIO4EHV2AN,AX9Z7VRQ9BM1E,Submitted,Sat Nov 18 04:04:15 PST 2017,Sat Nov 18 04:11:44 PST 2017,Tue Nov 21 04:11:44 PST 2017,,,,449,0% (0/0),0% (0/0),0% (0/0),793589920,,
3VMHWJRYHVGUT50QGZJ06PX42QEFXY,3U6C37VJ6U4IHO0X1NNM41V2S3Y1ND,Multiple Choice Task,This is a 50-question multiple-choice task.,"survey, multiple-choice",$0.40,Sat Nov 18 02:32:39 PST 2017,100,BatchId:3015532;OriginalHitTemplateId:920937340;,1200,259200,Mon Nov 20 02:32:39 PST 2017,,,3IAS3U3I0FG51SI7DBHCMT8AWZGB2R,A3DTPGXKABAFEJ,Submitted,Sat Nov 18 04:31:26 PST 2017,Sat Nov 18 04:44:57 PST 2017,Tue Nov 21 04:44:57 PST 2017,,,,811,0% (0/0),0% (0/0),0% (0/0),694489229,,
3VMHWJRYHVGUT50QGZJ06PX42QEFXY,3U6C37VJ6U4IHO0X1NNM41V2S3Y1ND,Multiple Choice Task,This is a 50-question multiple-choice task.,"survey, multiple-choice",$0.40,Sat Nov 18 02:32:39 PST 2017,100,BatchId:3015532;OriginalHitTemplateId:920937340;,1200,259200,Mon Nov 20 02:32:39 PST 2017,,,3IKZ72A5B4GR3VJG4W1SX72TMSYNFB,A2XFBUPU9EMQG2,Submitted,Sat Nov 18 04:09:32 PST 2017,Sat Nov 18 04:21:36 PST 2017,Tue Nov 21 04:21:36 PST 2017,,,,724,0% (0/0),0% (0/0),0% (0/0),102165383,,
3VMHWJRYHVGUT50QGZJ06PX42QEFXY,3U6C37VJ6U4IHO0X1NNM41V2S3Y1ND,Multiple Choice Task,This is a 50-question multiple-choice task.,"survey, multiple-choice",$0.40,Sat Nov 18 02:32:39 PST 2017,100,BatchId:3015532;OriginalHitTemplateId:920937340;,1200,259200,Mon Nov 20 02:32:39 PST 2017,,,3JMSRU9HQIUC5MSTBC3DP6B6WULEV1,ASJU5NZC4EOEX,Submitted,Sat Nov 18 02:57:01 PST 2017,Sat Nov 18 02:57:50 PST 2017,Tue Nov 21 02:57:50 PST 2017,,,,49,0% (0/0),0% (0/0),0% (0/0),989751188,,
3VMHWJRYHVGUT50QGZJ06PX42QEFXY,3U6C37VJ6U4IHO0X1NNM41V2S3Y1ND,Multiple Choice Task,This is a 50-question multiple-choice task.,"survey, multiple-choice",$0.40,Sat Nov 18 02:32:39 PST 2017,100,BatchId:3015532;OriginalHitTemplateId:920937340;,1200,259200,Mon Nov 20 02:32:39 PST 2017,,,3JNQLM5FT4MHE14J4O660W4F8TT2L4,A35F2841BY4XB4,Submitted,Sat Nov 18 02:33:33 PST 2017,Sat Nov 18 02:38:23 PST 2017,Tue Nov 21 02:38:23 PST 2017,,,,290,0% (0/0),0% (0/0),0% (0/0),701186378,,
3VMHWJRYHVGUT50QGZJ06PX42QEFXY,3U6C37VJ6U4IHO0X1NNM41V2S3Y1ND,Multiple Choice Task,This is a 50-question multiple-choice task.,"survey, multiple-choice",$0.40,Sat Nov 18 02:32:39 PST 2017,100,BatchId:3015532;OriginalHitTemplateId:920937340;,1200,259200,Mon Nov 20 02:32:39 PST 2017,,,3JZQSN0I3QALT32UHSOX7NTWLGCFGV,A3TFT4U5PYZE2K,Submitted,Sat Nov 18 02:45:18 PST 2017,Sat Nov 18 02:58:29 PST 2017,Tue Nov 21 02:58:29 PST 2017,,,,791,0% (0/0),0% (0/0),0% (0/0),979905682,,
3VMHWJRYHVGUT50QGZJ06PX42QEFXY,3U6C37VJ6U4IHO0X1NNM41V2S3Y1ND,Multiple Choice Task,This is a 50-question multiple-choice task.,"survey, multiple-choice",$0.40,Sat Nov 18 02:32:39 PST 2017,100,BatchId:3015532;OriginalHitTemplateId:920937340;,1200,259200,Mon Nov 20 02:32:39 PST 2017,,,3K9FOBBF2HJD3NTCQ74QSK7DJOKLNE,A2BHZNAKEDRYCB,Submitted,Sat Nov 18 02:53:57 PST 2017,Sat Nov 18 03:02:07 PST 2017,Tue Nov 21 03:02:07 PST 2017,,,,490,0% (0/0),0% (0/0),0% (0/0),594915113,,
3VMHWJRYHVGUT50QGZJ06PX42QEFXY,3U6C37VJ6U4IHO0X1NNM41V2S3Y1ND,Multiple Choice Task,This is a 50-question multiple-choice task.,"survey, multiple-choice",$0.40,Sat Nov 18 02:32:39 PST 2017,100,BatchId:3015532;OriginalHitTemplateId:920937340;,1200,259200,Mon Nov 20 02:32:39 PST 2017,,,3KKG4CDWKIYWGDIXJ5M4O2AISD894A,AM0QVBV8L6QCJ,Submitted,Sat Nov 18 02:57:20 PST 2017,Sat Nov 18 03:04:25 PST 2017,Tue Nov 21 03:04:25 PST 2017,,,,425,0% (0/0),0% (0/0),0% (0/0),48487661,,
3VMHWJRYHVGUT50QGZJ06PX42QEFXY,3U6C37VJ6U4IHO0X1NNM41V2S3Y1ND,Multiple Choice Task,This is a 50-question multiple-choice task.,"survey, multiple-choice",$0.40,Sat Nov 18 02:32:39 PST 2017,100,BatchId:3015532;OriginalHitTemplateId:920937340;,1200,259200,Mon Nov 20 02:32:39 PST 2017,,,3KKG4CDWKIYWGDIXJ5M4O2AISD9496,AEPVVWDZE1GKD,Submitted,Sat Nov 18 03:31:06 PST 2017,Sat Nov 18 03:43:04 PST 2017,Tue Nov 21 03:43:04 PST 2017,,,,718,0% (0/0),0% (0/0),0% (0/0),216720771,,
3VMHWJRYHVGUT50QGZJ06PX42QEFXY,3U6C37VJ6U4IHO0X1NNM41V2S3Y1ND,Multiple Choice Task,This is a 50-question multiple-choice task.,"survey, multiple-choice",$0.40,Sat Nov 18 02:32:39 PST 2017,100,BatchId:3015532;OriginalHitTemplateId:920937340;,1200,259200,Mon Nov 20 02:32:39 PST 2017,,,3L4PIM1GQTGIIKS32TAXVCEJT0DRY0,A2N7BKT13SM1MI,Submitted,Sat Nov 18 03:45:01 PST 2017,Sat Nov 18 03:53:37 PST 2017,Tue Nov 21 03:53:37 PST 2017,,,,516,0% (0/0),0% (0/0),0% (0/0),774245954,,
3VMHWJRYHVGUT50QGZJ06PX42QEFXY,3U6C37VJ6U4IHO0X1NNM41V2S3Y1ND,Multiple Choice Task,This is a 50-question multiple-choice task.,"survey, multiple-choice",$0.40,Sat Nov 18 02:32:39 PST 2017,100,BatchId:3015532;OriginalHitTemplateId:920937340;,1200,259200,Mon Nov 20 02:32:39 PST 2017,,,3LYA37P8IQN0I8MX2HNGMPU4DZ1KBL,A1PFE8T2LNWFLV,Submitted,Sat Nov 18 03:07:17 PST 2017,Sat Nov 18 03:13:20 PST 2017,Tue Nov 21 03:13:20 PST 2017,,,,363,0% (0/0),0% (0/0),0% (0/0),425935257,,
3VMHWJRYHVGUT50QGZJ06PX42QEFXY,3U6C37VJ6U4IHO0X1NNM41V2S3Y1ND,Multiple Choice Task,This is a 50-question multiple-choice task.,"survey, multiple-choice",$0.40,Sat Nov 18 02:32:39 PST 2017,100,BatchId:3015532;OriginalHitTemplateId:920937340;,1200,259200,Mon Nov 20 02:32:39 PST 2017,,,3N8OEVH1FRQ3RTWL4EKVZQBC43UOOD,AQFCUJXQPQWZJ,Submitted,Sat Nov 18 02:53:40 PST 2017,Sat Nov 18 02:57:54 PST 2017,Tue Nov 21 02:57:54 PST 2017,,,,254,0% (0/0),0% (0/0),0% (0/0),939690383,,
3VMHWJRYHVGUT50QGZJ06PX42QEFXY,3U6C37VJ6U4IHO0X1NNM41V2S3Y1ND,Multiple Choice Task,This is a 50-question multiple-choice task.,"survey, multiple-choice",$0.40,Sat Nov 18 02:32:39 PST 2017,100,BatchId:3015532;OriginalHitTemplateId:920937340;,1200,259200,Mon Nov 20 02:32:39 PST 2017,,,3ND9UOO81K23QH2QI8VDO3K4C0OLW5,A2AADXSO2P4QTD,Submitted,Sat Nov 18 03:05:32 PST 2017,Sat Nov 18 03:08:14 PST 2017,Tue Nov 21 03:08:14 PST 2017,,,,162,0% (0/0),0% (0/0),0% (0/0),904399131,,
3VMHWJRYHVGUT50QGZJ06PX42QEFXY,3U6C37VJ6U4IHO0X1NNM41V2S3Y1ND,Multiple Choice Task,This is a 50-question multiple-choice task.,"survey, multiple-choice",$0.40,Sat Nov 18 02:32:39 PST 2017,100,BatchId:3015532;OriginalHitTemplateId:920937340;,1200,259200,Mon Nov 20 02:32:39 PST 2017,,,3NPI0JQDAO51PLDUFVJ9I0MPDG7TPL,AQERSNMMM4VR0,Submitted,Sat Nov 18 03:14:01 PST 2017,Sat Nov 18 03:27:41 PST 2017,Tue Nov 21 03:27:41 PST 2017,,,,820,0% (0/0),0% (0/0),0% (0/0),678064405,,
3VMHWJRYHVGUT50QGZJ06PX42QEFXY,3U6C37VJ6U4IHO0X1NNM41V2S3Y1ND,Multiple Choice Task,This is a 50-question multiple-choice task.,"survey, multiple-choice",$0.40,Sat Nov 18 02:32:39 PST 2017,100,BatchId:3015532;OriginalHitTemplateId:920937340;,1200,259200,Mon Nov 20 02:32:39 PST 2017,,,3NVC2EB65QZQZI71R391DEB3NMWY32,A1Y86N86PAKVHF,Submitted,Sat Nov 18 02:35:27 PST 2017,Sat Nov 18 02:40:08 PST 2017,Tue Nov 21 02:40:08 PST 2017,,,,281,0% (0/0),0% (0/0),0% (0/0),675827384,,
3VMHWJRYHVGUT50QGZJ06PX42QEFXY,3U6C37VJ6U4IHO0X1NNM41V2S3Y1ND,Multiple Choice Task,This is a 50-question multiple-choice task.,"survey, multiple-choice",$0.40,Sat Nov 18 02:32:39 PST 2017,100,BatchId:3015532;OriginalHitTemplateId:920937340;,1200,259200,Mon Nov 20 02:32:39 PST 2017,,,3NVC2EB65QZQZI71R391DEB3NMX3Y8,A3MMGWRK6YMMZL,Submitted,Sat Nov 18 02:47:39 PST 2017,Sat Nov 18 02:53:16 PST 2017,Tue Nov 21 02:53:16 PST 2017,,,,337,0% (0/0),0% (0/0),0% (0/0),433403246,,
3VMHWJRYHVGUT50QGZJ06PX42QEFXY,3U6C37VJ6U4IHO0X1NNM41V2S3Y1ND,Multiple Choice Task,This is a 50-question multiple-choice task.,"survey, multiple-choice",$0.40,Sat Nov 18 02:32:39 PST 2017,100,BatchId:3015532;OriginalHitTemplateId:920937340;,1200,259200,Mon Nov 20 02:32:39 PST 2017,,,3NXNZ5RS1AXTZ00GL3KBREUSJFZ79T,A3BUSRXW32A27S,Submitted,Sat Nov 18 03:44:13 PST 2017,Sat Nov 18 03:52:03 PST 2017,Tue Nov 21 03:52:03 PST 2017,,,,470,0% (0/0),0% (0/0),0% (0/0),448345647,,
3VMHWJRYHVGUT50QGZJ06PX42QEFXY,3U6C37VJ6U4IHO0X1NNM41V2S3Y1ND,Multiple Choice Task,This is a 50-question multiple-choice task.,"survey, multiple-choice",$0.40,Sat Nov 18 02:32:39 PST 2017,100,BatchId:3015532;OriginalHitTemplateId:920937340;,1200,259200,Mon Nov 20 02:32:39 PST 2017,,,3OUYGIZWR7Y09CG3HTVZYPKKG5A0PG,A2E9B1XBM51XSQ,Submitted,Sat Nov 18 02:39:16 PST 2017,Sat Nov 18 02:44:18 PST 2017,Tue Nov 21 02:44:18 PST 2017,,,,302,0% (0/0),0% (0/0),0% (0/0),146862130,,
3VMHWJRYHVGUT50QGZJ06PX42QEFXY,3U6C37VJ6U4IHO0X1NNM41V2S3Y1ND,Multiple Choice Task,This is a 50-question multiple-choice task.,"survey, multiple-choice",$0.40,Sat Nov 18 02:32:39 PST 2017,100,BatchId:3015532;OriginalHitTemplateId:920937340;,1200,259200,Mon Nov 20 02:32:39 PST 2017,,,3OVR4I9USPJ28CZJ07XQAX072DC4QR,A3C2PSZEKN8OWD,Submitted,Sat Nov 18 02:37:08 PST 2017,Sat Nov 18 02:46:02 PST 2017,Tue Nov 21 02:46:02 PST 2017,,,,534,0% (0/0),0% (0/0),0% (0/0),754277980,,
3VMHWJRYHVGUT50QGZJ06PX42QEFXY,3U6C37VJ6U4IHO0X1NNM41V2S3Y1ND,Multiple Choice Task,This is a 50-question multiple-choice task.,"survey, multiple-choice",$0.40,Sat Nov 18 02:32:39 PST 2017,100,BatchId:3015532;OriginalHitTemplateId:920937340;,1200,259200,Mon Nov 20 02:32:39 PST 2017,,,3OVR4I9USPJ28CZJ07XQAX072DCQ4D,A2HC9549CZAKNN,Submitted,Sat Nov 18 03:51:04 PST 2017,Sat Nov 18 04:03:15 PST 2017,Tue Nov 21 04:03:15 PST 2017,,,,731,0% (0/0),0% (0/0),0% (0/0),811005483,,
3VMHWJRYHVGUT50QGZJ06PX42QEFXY,3U6C37VJ6U4IHO0X1NNM41V2S3Y1ND,Multiple Choice Task,This is a 50-question multiple-choice task.,"survey, multiple-choice",$0.40,Sat Nov 18 02:32:39 PST 2017,100,BatchId:3015532;OriginalHitTemplateId:920937340;,1200,259200,Mon Nov 20 02:32:39 PST 2017,,,3PEIJLRY6TTYQBJFWRY1ZXFRJ9YWX2,A3IM1NBW1G1TCU,Submitted,Sat Nov 18 04:00:00 PST 2017,Sat Nov 18 04:18:29 PST 2017,Tue Nov 21 04:18:29 PST 2017,,,,1109,0% (0/0),0% (0/0),0% (0/0),468741630,,
3VMHWJRYHVGUT50QGZJ06PX42QEFXY,3U6C37VJ6U4IHO0X1NNM41V2S3Y1ND,Multiple Choice Task,This is a 50-question multiple-choice task.,"survey, multiple-choice",$0.40,Sat Nov 18 02:32:39 PST 2017,100,BatchId:3015532;OriginalHitTemplateId:920937340;,1200,259200,Mon Nov 20 02:32:39 PST 2017,,,3PM8NZGV8YGT6ENTKIZV78X5V8HQXS,A2VGEE0ZIZ8CBQ,Submitted,Sat Nov 18 03:04:29 PST 2017,Sat Nov 18 03:10:21 PST 2017,Tue Nov 21 03:10:21 PST 2017,,,,352,0% (0/0),0% (0/0),0% (0/0),157544717,,
3VMHWJRYHVGUT50QGZJ06PX42QEFXY,3U6C37VJ6U4IHO0X1NNM41V2S3Y1ND,Multiple Choice Task,This is a 50-question multiple-choice task.,"survey, multiple-choice",$0.40,Sat Nov 18 02:32:39 PST 2017,100,BatchId:3015532;OriginalHitTemplateId:920937340;,1200,259200,Mon Nov 20 02:32:39 PST 2017,,,3PW9OPU9PQK4OU0FBEONGHV1ANO12X,A2873IWWYUPLSP,Submitted,Sat Nov 18 02:41:41 PST 2017,Sat Nov 18 02:49:52 PST 2017,Tue Nov 21 02:49:52 PST 2017,,,,491,0% (0/0),0% (0/0),0% (0/0),330764153,,
3VMHWJRYHVGUT50QGZJ06PX42QEFXY,3U6C37VJ6U4IHO0X1NNM41V2S3Y1ND,Multiple Choice Task,This is a 50-question multiple-choice task.,"survey, multiple-choice",$0.40,Sat Nov 18 02:32:39 PST 2017,100,BatchId:3015532;OriginalHitTemplateId:920937340;,1200,259200,Mon Nov 20 02:32:39 PST 2017,,,3PWWM24LHSYMZUK0AZX2VRI9OTU82O,A2HWHR670RYKCO,Submitted,Sat Nov 18 02:44:48 PST 2017,Sat Nov 18 02:55:43 PST 2017,Tue Nov 21 02:55:43 PST 2017,,,,655,0% (0/0),0% (0/0),0% (0/0),512211688,,
3VMHWJRYHVGUT50QGZJ06PX42QEFXY,3U6C37VJ6U4IHO0X1NNM41V2S3Y1ND,Multiple Choice Task,This is a 50-question multiple-choice task.,"survey, multiple-choice",$0.40,Sat Nov 18 02:32:39 PST 2017,100,BatchId:3015532;OriginalHitTemplateId:920937340;,1200,259200,Mon Nov 20 02:32:39 PST 2017,,,3QAPZX2QN4D4H5FXFVKN2CCR5VJ20W,A3FSZ9GBJMBORC,Submitted,Sat Nov 18 03:51:45 PST 2017,Sat Nov 18 04:09:12 PST 2017,Tue Nov 21 04:09:12 PST 2017,,,,1047,0% (0/0),0% (0/0),0% (0/0),467151746,,
3VMHWJRYHVGUT50QGZJ06PX42QEFXY,3U6C37VJ6U4IHO0X1NNM41V2S3Y1ND,Multiple Choice Task,This is a 50-question multiple-choice task.,"survey, multiple-choice",$0.40,Sat Nov 18 02:32:39 PST 2017,100,BatchId:3015532;OriginalHitTemplateId:920937340;,1200,259200,Mon Nov 20 02:32:39 PST 2017,,,3QECW5O0KH1XWBVBVGAVKUH8MG6T5Z,A1V88N4CAYSGXK,Submitted,Sat Nov 18 02:52:10 PST 2017,Sat Nov 18 02:56:13 PST 2017,Tue Nov 21 02:56:13 PST 2017,,,,243,0% (0/0),0% (0/0),0% (0/0),279996534,,
3VMHWJRYHVGUT50QGZJ06PX42QEFXY,3U6C37VJ6U4IHO0X1NNM41V2S3Y1ND,Multiple Choice Task,This is a 50-question multiple-choice task.,"survey, multiple-choice",$0.40,Sat Nov 18 02:32:39 PST 2017,100,BatchId:3015532;OriginalHitTemplateId:920937340;,1200,259200,Mon Nov 20 02:32:39 PST 2017,,,3QEMNNSB2XZ52QDXXJPDDADIA0D7D9,A3F341JBNZUTJN,Submitted,Sat Nov 18 02:34:59 PST 2017,Sat Nov 18 02:42:58 PST 2017,Tue Nov 21 02:42:58 PST 2017,,,,479,0% (0/0),0% (0/0),0% (0/0),563571887,,
3VMHWJRYHVGUT50QGZJ06PX42QEFXY,3U6C37VJ6U4IHO0X1NNM41V2S3Y1ND,Multiple Choice Task,This is a 50-question multiple-choice task.,"survey, multiple-choice",$0.40,Sat Nov 18 02:32:39 PST 2017,100,BatchId:3015532;OriginalHitTemplateId:920937340;,1200,259200,Mon Nov 20 02:32:39 PST 2017,,,3QFUFYSY9YF5HN9AMRMWYYWTVB3F48,A3FTR5MN7ZLS8M,Submitted,Sat Nov 18 03:04:19 PST 2017,Sat Nov 18 03:10:09 PST 2017,Tue Nov 21 03:10:09 PST 2017,,,,350,0% (0/0),0% (0/0),0% (0/0),457671269,,
3VMHWJRYHVGUT50QGZJ06PX42QEFXY,3U6C37VJ6U4IHO0X1NNM41V2S3Y1ND,Multiple Choice Task,This is a 50-question multiple-choice task.,"survey, multiple-choice",$0.40,Sat Nov 18 02:32:39 PST 2017,100,BatchId:3015532;OriginalHitTemplateId:920937340;,1200,259200,Mon Nov 20 02:32:39 PST 2017,,,3QFUFYSY9YF5HN9AMRMWYYWTVB44FY,A25OQ8GWGF6S1G,Submitted,Sat Nov 18 03:36:33 PST 2017,Sat Nov 18 03:46:14 PST 2017,Tue Nov 21 03:46:14 PST 2017,,,,581,0% (0/0),0% (0/0),0% (0/0),881277404,,
3VMHWJRYHVGUT50QGZJ06PX42QEFXY,3U6C37VJ6U4IHO0X1NNM41V2S3Y1ND,Multiple Choice Task,This is a 50-question multiple-choice task.,"survey, multiple-choice",$0.40,Sat Nov 18 02:32:39 PST 2017,100,BatchId:3015532;OriginalHitTemplateId:920937340;,1200,259200,Mon Nov 20 02:32:39 PST 2017,,,3QY7M81QH7MDGWJ7P0B0HN88U9A7KM,A1YPX4OBE2YR2V,Submitted,Sat Nov 18 02:40:11 PST 2017,Sat Nov 18 02:46:07 PST 2017,Tue Nov 21 02:46:07 PST 2017,,,,356,0% (0/0),0% (0/0),0% (0/0),990688021,,
3VMHWJRYHVGUT50QGZJ06PX42QEFXY,3U6C37VJ6U4IHO0X1NNM41V2S3Y1ND,Multiple Choice Task,This is a 50-question multiple-choice task.,"survey, multiple-choice",$0.40,Sat Nov 18 02:32:39 PST 2017,100,BatchId:3015532;OriginalHitTemplateId:920937340;,1200,259200,Mon Nov 20 02:32:39 PST 2017,,,3R2PKQ87NW85V406T3SDNPQLXUGMI1,A3L4RVVZJEFIP3,Submitted,Sat Nov 18 03:38:28 PST 2017,Sat Nov 18 03:52:59 PST 2017,Tue Nov 21 03:52:59 PST 2017,,,,871,0% (0/0),0% (0/0),0% (0/0),414487442,,
3VMHWJRYHVGUT50QGZJ06PX42QEFXY,3U6C37VJ6U4IHO0X1NNM41V2S3Y1ND,Multiple Choice Task,This is a 50-question multiple-choice task.,"survey, multiple-choice",$0.40,Sat Nov 18 02:32:39 PST 2017,100,BatchId:3015532;OriginalHitTemplateId:920937340;,1200,259200,Mon Nov 20 02:32:39 PST 2017,,,3R3YRB5GRF392UMHQHRMX1JWX8EAUD,A3FJQ2DZJIENKU,Submitted,Sat Nov 18 02:39:50 PST 2017,Sat Nov 18 02:43:09 PST 2017,Tue Nov 21 02:43:09 PST 2017,,,,199,0% (0/0),0% (0/0),0% (0/0),366141697,,
3VMHWJRYHVGUT50QGZJ06PX42QEFXY,3U6C37VJ6U4IHO0X1NNM41V2S3Y1ND,Multiple Choice Task,This is a 50-question multiple-choice task.,"survey, multiple-choice",$0.40,Sat Nov 18 02:32:39 PST 2017,100,BatchId:3015532;OriginalHitTemplateId:920937340;,1200,259200,Mon Nov 20 02:32:39 PST 2017,,,3R8YZBNQ9HIZRZH225VXD9KHTF27QE,A2UVDJENOMQN8W,Submitted,Sat Nov 18 02:42:22 PST 2017,Sat Nov 18 02:47:31 PST 2017,Tue Nov 21 02:47:31 PST 2017,,,,309,0% (0/0),0% (0/0),0% (0/0),655456922,,
3VMHWJRYHVGUT50QGZJ06PX42QEFXY,3U6C37VJ6U4IHO0X1NNM41V2S3Y1ND,Multiple Choice Task,This is a 50-question multiple-choice task.,"survey, multiple-choice",$0.40,Sat Nov 18 02:32:39 PST 2017,100,BatchId:3015532;OriginalHitTemplateId:920937340;,1200,259200,Mon Nov 20 02:32:39 PST 2017,,,3RANCT1ZVFHEL4R9WVRISC32FQZBU9,A3DRGK9DGE0ROU,Submitted,Sat Nov 18 02:45:10 PST 2017,Sat Nov 18 03:01:21 PST 2017,Tue Nov 21 03:01:21 PST 2017,,,,971,0% (0/0),0% (0/0),0% (0/0),661660429,,
3VMHWJRYHVGUT50QGZJ06PX42QEFXY,3U6C37VJ6U4IHO0X1NNM41V2S3Y1ND,Multiple Choice Task,This is a 50-question multiple-choice task.,"survey, multiple-choice",$0.40,Sat Nov 18 02:32:39 PST 2017,100,BatchId:3015532;OriginalHitTemplateId:920937340;,1200,259200,Mon Nov 20 02:32:39 PST 2017,,,3RGU30DZTA81QFKCBLDDZQ5LA95MJD,A2640WUUMUMYCQ,Submitted,Sat Nov 18 03:38:55 PST 2017,Sat Nov 18 03:45:36 PST 2017,Tue Nov 21 03:45:36 PST 2017,,,,401,0% (0/0),0% (0/0),0% (0/0),692375577,,
3VMHWJRYHVGUT50QGZJ06PX42QEFXY,3U6C37VJ6U4IHO0X1NNM41V2S3Y1ND,Multiple Choice Task,This is a 50-question multiple-choice task.,"survey, multiple-choice",$0.40,Sat Nov 18 02:32:39 PST 2017,100,BatchId:3015532;OriginalHitTemplateId:920937340;,1200,259200,Mon Nov 20 02:32:39 PST 2017,,,3RYC5T2D73TO9602B6EEILL7PVARP6,ASMEIXETQPZV2,Submitted,Sat Nov 18 03:34:31 PST 2017,Sat Nov 18 03:42:00 PST 2017,Tue Nov 21 03:42:00 PST 2017,,,,449,0% (0/0),0% (0/0),0% (0/0),816210102,,
3VMHWJRYHVGUT50QGZJ06PX42QEFXY,3U6C37VJ6U4IHO0X1NNM41V2S3Y1ND,Multiple Choice Task,This is a 50-question multiple-choice task.,"survey, multiple-choice",$0.40,Sat Nov 18 02:32:39 PST 2017,100,BatchId:3015532;OriginalHitTemplateId:920937340;,1200,259200,Mon Nov 20 02:32:39 PST 2017,,,3SKEMFQBZ35HGAOQZ536VN435TG8KA,A3NWQ0535HAXUD,Submitted,Sat Nov 18 02:48:00 PST 2017,Sat Nov 18 03:05:40 PST 2017,Tue Nov 21 03:05:40 PST 2017,,,,1060,0% (0/0),0% (0/0),0% (0/0),189228795,,
3VMHWJRYHVGUT50QGZJ06PX42QEFXY,3U6C37VJ6U4IHO0X1NNM41V2S3Y1ND,Multiple Choice Task,This is a 50-question multiple-choice task.,"survey, multiple-choice",$0.40,Sat Nov 18 02:32:39 PST 2017,100,BatchId:3015532;OriginalHitTemplateId:920937340;,1200,259200,Mon Nov 20 02:32:39 PST 2017,,,3SKRO2GZ71RZ5A450KURGDHVRNAK12,A1WXI0O9JU5HN8,Submitted,Sat Nov 18 02:50:57 PST 2017,Sat Nov 18 02:57:01 PST 2017,Tue Nov 21 02:57:01 PST 2017,,,,364,0% (0/0),0% (0/0),0% (0/0),946059506,,
3VMHWJRYHVGUT50QGZJ06PX42QEFXY,3U6C37VJ6U4IHO0X1NNM41V2S3Y1ND,Multiple Choice Task,This is a 50-question multiple-choice task.,"survey, multiple-choice",$0.40,Sat Nov 18 02:32:39 PST 2017,100,BatchId:3015532;OriginalHitTemplateId:920937340;,1200,259200,Mon Nov 20 02:32:39 PST 2017,,,3TAYZSBPLL84IEZ9OX37CIIA0N1S28,A237SO0Y2E3XFT,Submitted,Sat Nov 18 03:51:02 PST 2017,Sat Nov 18 04:00:10 PST 2017,Tue Nov 21 04:00:10 PST 2017,,,,548,0% (0/0),0% (0/0),0% (0/0),927916642,,
3VMHWJRYHVGUT50QGZJ06PX42QEFXY,3U6C37VJ6U4IHO0X1NNM41V2S3Y1ND,Multiple Choice Task,This is a 50-question multiple-choice task.,"survey, multiple-choice",$0.40,Sat Nov 18 02:32:39 PST 2017,100,BatchId:3015532;OriginalHitTemplateId:920937340;,1200,259200,Mon Nov 20 02:32:39 PST 2017,,,3TMFV4NEP8E8BAI7OJM9JYYYS0PW8U,A14ZT8D7Z6T9IA,Submitted,Sat Nov 18 03:25:46 PST 2017,Sat Nov 18 03:25:54 PST 2017,Tue Nov 21 03:25:54 PST 2017,,,,8,0% (0/0),0% (0/0),0% (0/0),299453002,,
3VMHWJRYHVGUT50QGZJ06PX42QEFXY,3U6C37VJ6U4IHO0X1NNM41V2S3Y1ND,Multiple Choice Task,This is a 50-question multiple-choice task.,"survey, multiple-choice",$0.40,Sat Nov 18 02:32:39 PST 2017,100,BatchId:3015532;OriginalHitTemplateId:920937340;,1200,259200,Mon Nov 20 02:32:39 PST 2017,,,3TS1AR6UQQE20ARTOPK31AG3MDTF7S,A2HJ05IDCIY01V,Submitted,Sat Nov 18 03:16:13 PST 2017,Sat Nov 18 03:20:55 PST 2017,Tue Nov 21 03:20:55 PST 2017,,,,282,0% (0/0),0% (0/0),0% (0/0),745595393,,
3VMHWJRYHVGUT50QGZJ06PX42QEFXY,3U6C37VJ6U4IHO0X1NNM41V2S3Y1ND,Multiple Choice Task,This is a 50-question multiple-choice task.,"survey, multiple-choice",$0.40,Sat Nov 18 02:32:39 PST 2017,100,BatchId:3015532;OriginalHitTemplateId:920937340;,1200,259200,Mon Nov 20 02:32:39 PST 2017,,,3TU5ZICBRD13RDMLCAN3R9GC4Z8Q8K,A7HO8U70MUTUG,Submitted,Sat Nov 18 03:55:51 PST 2017,Sat Nov 18 04:06:40 PST 2017,Tue Nov 21 04:06:40 PST 2017,,,,649,0% (0/0),0% (0/0),0% (0/0),349216659,,
3VMHWJRYHVGUT50QGZJ06PX42QEFXY,3U6C37VJ6U4IHO0X1NNM41V2S3Y1ND,Multiple Choice Task,This is a 50-question multiple-choice task.,"survey, multiple-choice",$0.40,Sat Nov 18 02:32:39 PST 2017,100,BatchId:3015532;OriginalHitTemplateId:920937340;,1200,259200,Mon Nov 20 02:32:39 PST 2017,,,3U088ZLJVKTQTLD4TF9UQJSG92D0WB,A2G0GPBIS4E0PK,Submitted,Sat Nov 18 02:40:47 PST 2017,Sat Nov 18 02:44:54 PST 2017,Tue Nov 21 02:44:54 PST 2017,,,,247,0% (0/0),0% (0/0),0% (0/0),70n2016318,,
3VMHWJRYHVGUT50QGZJ06PX42QEFXY,3U6C37VJ6U4IHO0X1NNM41V2S3Y1ND,Multiple Choice Task,This is a 50-question multiple-choice task.,"survey, multiple-choice",$0.40,Sat Nov 18 02:32:39 PST 2017,100,BatchId:3015532;OriginalHitTemplateId:920937340;,1200,259200,Mon Nov 20 02:32:39 PST 2017,,,3VJ40NV2QINJ4L1T0V6UT0HZ3BBTO4,AM5XPD0QQW2AB,Submitted,Sat Nov 18 03:12:28 PST 2017,Sat Nov 18 03:17:54 PST 2017,Tue Nov 21 03:17:54 PST 2017,,,,326,0% (0/0),0% (0/0),0% (0/0),40507475,,
3VMHWJRYHVGUT50QGZJ06PX42QEFXY,3U6C37VJ6U4IHO0X1NNM41V2S3Y1ND,Multiple Choice Task,This is a 50-question multiple-choice task.,"survey, multiple-choice",$0.40,Sat Nov 18 02:32:39 PST 2017,100,BatchId:3015532;OriginalHitTemplateId:920937340;,1200,259200,Mon Nov 20 02:32:39 PST 2017,,,3VSOLARPKB9BYHZTJRHLEXICEDC93P,A32QWM7BWCSPTS,Submitted,Sat Nov 18 02:56:03 PST 2017,Sat Nov 18 03:02:54 PST 2017,Tue Nov 21 03:02:54 PST 2017,,,,411,0% (0/0),0% (0/0),0% (0/0),874189674,,
3VMHWJRYHVGUT50QGZJ06PX42QEFXY,3U6C37VJ6U4IHO0X1NNM41V2S3Y1ND,Multiple Choice Task,This is a 50-question multiple-choice task.,"survey, multiple-choice",$0.40,Sat Nov 18 02:32:39 PST 2017,100,BatchId:3015532;OriginalHitTemplateId:920937340;,1200,259200,Mon Nov 20 02:32:39 PST 2017,,,3W8CV64QJ2ZQSP6SYC6NIRJMXIUH94,A167VC3UAZK86X,Submitted,Sat Nov 18 03:08:43 PST 2017,Sat Nov 18 03:12:56 PST 2017,Tue Nov 21 03:12:56 PST 2017,,,,253,0% (0/0),0% (0/0),0% (0/0),472653165,,
3VMHWJRYHVGUT50QGZJ06PX42QEFXY,3U6C37VJ6U4IHO0X1NNM41V2S3Y1ND,Multiple Choice Task,This is a 50-question multiple-choice task.,"survey, multiple-choice",$0.40,Sat Nov 18 02:32:39 PST 2017,100,BatchId:3015532;OriginalHitTemplateId:920937340;,1200,259200,Mon Nov 20 02:32:39 PST 2017,,,3WOKGM4L71GIOC422TIK9PFU60E0OZ,A241K3CXIR4129,Submitted,Sat Nov 18 02:38:53 PST 2017,Sat Nov 18 02:42:21 PST 2017,Tue Nov 21 02:42:21 PST 2017,,,,208,0% (0/0),0% (0/0),0% (0/0),809010138,,
3VMHWJRYHVGUT50QGZJ06PX42QEFXY,3U6C37VJ6U4IHO0X1NNM41V2S3Y1ND,Multiple Choice Task,This is a 50-question multiple-choice task.,"survey, multiple-choice",$0.40,Sat Nov 18 02:32:39 PST 2017,100,BatchId:3015532;OriginalHitTemplateId:920937340;,1200,259200,Mon Nov 20 02:32:39 PST 2017,,,3WOKGM4L71GIOC422TIK9PFU60EO0N,A2NTFS9YPJWO94,Submitted,Sat Nov 18 02:46:44 PST 2017,Sat Nov 18 02:51:25 PST 2017,Tue Nov 21 02:51:25 PST 2017,,,,281,0% (0/0),0% (0/0),0% (0/0),894332178,,
3VMHWJRYHVGUT50QGZJ06PX42QEFXY,3U6C37VJ6U4IHO0X1NNM41V2S3Y1ND,Multiple Choice Task,This is a 50-question multiple-choice task.,"survey, multiple-choice",$0.40,Sat Nov 18 02:32:39 PST 2017,100,BatchId:3015532;OriginalHitTemplateId:920937340;,1200,259200,Mon Nov 20 02:32:39 PST 2017,,,3WS1NTTKEYCOIZR93QZUMV6GEZNF0S,AOK9ZTWFLPLMH,Submitted,Sat Nov 18 03:01:59 PST 2017,Sat Nov 18 03:10:50 PST 2017,Tue Nov 21 03:10:50 PST 2017,,,,531,0% (0/0),0% (0/0),0% (0/0),993672202,,
3VMHWJRYHVGUT50QGZJ06PX42QEFXY,3U6C37VJ6U4IHO0X1NNM41V2S3Y1ND,Multiple Choice Task,This is a 50-question multiple-choice task.,"survey, multiple-choice",$0.40,Sat Nov 18 02:32:39 PST 2017,100,BatchId:3015532;OriginalHitTemplateId:920937340;,1200,259200,Mon Nov 20 02:32:39 PST 2017,,,3X87C8JFV6BLAX1UQ8T880GDGTFSQM,A3PRQ2GSU42718,Submitted,Sat Nov 18 04:20:44 PST 2017,Sat Nov 18 04:35:48 PST 2017,Tue Nov 21 04:35:48 PST 2017,,,,904,0% (0/0),0% (0/0),0% (0/0),524330733,,
3VMHWJRYHVGUT50QGZJ06PX42QEFXY,3U6C37VJ6U4IHO0X1NNM41V2S3Y1ND,Multiple Choice Task,This is a 50-question multiple-choice task.,"survey, multiple-choice",$0.40,Sat Nov 18 02:32:39 PST 2017,100,BatchId:3015532;OriginalHitTemplateId:920937340;,1200,259200,Mon Nov 20 02:32:39 PST 2017,,,3XC1O3LBOSMBY0YWN3Q21JD5866LTF,A21S7MA9DCW95E,Submitted,Sat Nov 18 02:57:42 PST 2017,Sat Nov 18 03:10:22 PST 2017,Tue Nov 21 03:10:22 PST 2017,,,,760,0% (0/0),0% (0/0),0% (0/0),206970410,,
3VMHWJRYHVGUT50QGZJ06PX42QEFXY,3U6C37VJ6U4IHO0X1NNM41V2S3Y1ND,Multiple Choice Task,This is a 50-question multiple-choice task.,"survey, multiple-choice",$0.40,Sat Nov 18 02:32:39 PST 2017,100,BatchId:3015532;OriginalHitTemplateId:920937340;,1200,259200,Mon Nov 20 02:32:39 PST 2017,,,3XLBSAQ9Z4C85RITP1EA42WLYIO7Z9,A3DZGDF9HCTAOB,Submitted,Sat Nov 18 04:17:11 PST 2017,Sat Nov 18 04:34:25 PST 2017,Tue Nov 21 04:34:25 PST 2017,,,,1034,0% (0/0),0% (0/0),0% (0/0),90681955,,
3VMHWJRYHVGUT50QGZJ06PX42QEFXY,3U6C37VJ6U4IHO0X1NNM41V2S3Y1ND,Multiple Choice Task,This is a 50-question multiple-choice task.,"survey, multiple-choice",$0.40,Sat Nov 18 02:32:39 PST 2017,100,BatchId:3015532;OriginalHitTemplateId:920937340;,1200,259200,Mon Nov 20 02:32:39 PST 2017,,,3XM0HYN6NKZZ02VXP0UEJEMOA6KEPG,A2TGOIW7U237NO,Submitted,Sat Nov 18 02:53:33 PST 2017,Sat Nov 18 03:05:02 PST 2017,Tue Nov 21 03:05:02 PST 2017,,,,689,0% (0/0),0% (0/0),0% (0/0),892659425,,
3VMHWJRYHVGUT50QGZJ06PX42QEFXY,3U6C37VJ6U4IHO0X1NNM41V2S3Y1ND,Multiple Choice Task,This is a 50-question multiple-choice task.,"survey, multiple-choice",$0.40,Sat Nov 18 02:32:39 PST 2017,100,BatchId:3015532;OriginalHitTemplateId:920937340;,1200,259200,Mon Nov 20 02:32:39 PST 2017,,,3YHH42UU5BFAIR15P12SH8B0BV90LI,A3H802XRV40Y0B,Submitted,Sat Nov 18 02:36:00 PST 2017,Sat Nov 18 02:52:09 PST 2017,Tue Nov 21 02:52:09 PST 2017,,,,969,0% (0/0),0% (0/0),0% (0/0),426710529,,
3VMHWJRYHVGUT50QGZJ06PX42QEFXY,3U6C37VJ6U4IHO0X1NNM41V2S3Y1ND,Multiple Choice Task,This is a 50-question multiple-choice task.,"survey, multiple-choice",$0.40,Sat Nov 18 02:32:39 PST 2017,100,BatchId:3015532;OriginalHitTemplateId:920937340;,1200,259200,Mon Nov 20 02:32:39 PST 2017,,,3YT88D1N08YVFDIKNO8A46WSP7OK3U,A3ALBQ4K263CCK,Submitted,Sat Nov 18 02:56:44 PST 2017,Sat Nov 18 02:57:12 PST 2017,Tue Nov 21 02:57:12 PST 2017,,,,28,0% (0/0),0% (0/0),0% (0/0),668281674,,
3VMHWJRYHVGUT50QGZJ06PX42QEFXY,3U6C37VJ6U4IHO0X1NNM41V2S3Y1ND,Multiple Choice Task,This is a 50-question multiple-choice task.,"survey, multiple-choice",$0.40,Sat Nov 18 02:32:39 PST 2017,100,BatchId:3015532;OriginalHitTemplateId:920937340;,1200,259200,Mon Nov 20 02:32:39 PST 2017,,,3YZ8UPK3VTMXV9JFAVND3W9KXBZUCZ,A12PUQLMN48O5R,Submitted,Sat Nov 18 03:44:02 PST 2017,Sat Nov 18 04:03:06 PST 2017,Tue Nov 21 04:03:06 PST 2017,,,,1144,0% (0/0),0% (0/0),0% (0/0),238079318,,
3VMHWJRYHVGUT50QGZJ06PX42QEFXY,3U6C37VJ6U4IHO0X1NNM41V2S3Y1ND,Multiple Choice Task,This is a 50-question multiple-choice task.,"survey, multiple-choice",$0.40,Sat Nov 18 02:32:39 PST 2017,100,BatchId:3015532;OriginalHitTemplateId:920937340;,1200,259200,Mon Nov 20 02:32:39 PST 2017,,,3Z4AIRP3C6D5PA3CZ39G67PXNWQ1X9,A3I8SB05PWN7HO,Submitted,Sat Nov 18 03:48:52 PST 2017,Sat Nov 18 03:57:55 PST 2017,Tue Nov 21 03:57:55 PST 2017,,,,543,0% (0/0),0% (0/0),0% (0/0),719356026,,
3VMHWJRYHVGUT50QGZJ06PX42QEFXY,3U6C37VJ6U4IHO0X1NNM41V2S3Y1ND,Multiple Choice Task,This is a 50-question multiple-choice task.,"survey, multiple-choice",$0.40,Sat Nov 18 02:32:39 PST 2017,100,BatchId:3015532;OriginalHitTemplateId:920937340;,1200,259200,Mon Nov 20 02:32:39 PST 2017,,,3Z7VU45IPYHUU53R0LX13S58VWNZ13,A2TC08CPQM8E7U,Submitted,Sat Nov 18 03:35:34 PST 2017,Sat Nov 18 03:42:00 PST 2017,Tue Nov 21 03:42:00 PST 2017,,,,386,0% (0/0),0% (0/0),0% (0/0),967443867,,
3VMHWJRYHVGUT50QGZJ06PX42QEFXY,3U6C37VJ6U4IHO0X1NNM41V2S3Y1ND,Multiple Choice Task,This is a 50-question multiple-choice task.,"survey, multiple-choice",$0.40,Sat Nov 18 02:32:39 PST 2017,100,BatchId:3015532;OriginalHitTemplateId:920937340;,1200,259200,Mon Nov 20 02:32:39 PST 2017,,,3ZSY5X72NXB6O6O1W61ZTLGHFQEROP,A2E1NSQL3P3AFQ,Submitted,Sat Nov 18 03:33:51 PST 2017,Sat Nov 18 03:40:23 PST 2017,Tue Nov 21 03:40:23 PST 2017,,,,392,0% (0/0),0% (0/0),0% (0/0),978170559,,
